t,event
8.14205719484878,sat_leo satellite reconfiguration
23.142057194848782,sat_leo satellite reconfiguration
36.660000000000004,wifi roam AP1->AP2
38.14205719484878,sat_leo satellite reconfiguration
53.14205719484879,sat_leo satellite reconfiguration
58.85,wifi roam AP2->AP3
68.14205719484879,sat_leo satellite reconfiguration
83.14205719484879,sat_leo satellite reconfiguration
98.14205719484879,sat_leo satellite reconfiguration
113.14205719484879,sat_leo satellite reconfiguration
128.1420571948488,sat_leo satellite reconfiguration
143.1420571948488,sat_leo satellite reconfiguration
158.1420571948488,sat_leo satellite reconfiguration
169.98,wifi roam AP3->AP4
173.1420571948488,sat_leo satellite reconfiguration
188.1420571948488,sat_leo satellite reconfiguration
