sec,voip_mos,video_frozen
0,4.379095763204242,0.0
1,4.379074997066354,0.0
2,4.379083012249928,0.0
3,4.379104398501561,0.0
4,4.379083667672856,0.0
5,4.379103515512309,0.0
6,4.379088053734102,0.0
7,4.379090079791775,0.0
8,4.379100969334626,0.0
9,4.379080678223126,0.0
10,4.379100488779533,0.0
11,4.379097165617617,0.0
12,4.379107503400257,0.0
13,4.379083180093243,0.0
14,4.379093423181564,0.0
15,4.379105084690238,0.0
16,4.379099005090983,0.0
17,4.379086020812491,0.0
18,4.379094115367762,0.0
19,4.379089293187997,0.0
20,3.325373691924414,0.09999999999999998
21,4.373918632585301,0.033333333333333326
22,4.374507311750265,0.0
23,4.374609627264366,0.033333333333333326
24,4.37461281552979,0.033333333333333326
25,4.374292123988507,0.033333333333333326
26,4.374016600219664,0.0
27,4.373660534953738,0.0
28,4.373179613320434,0.0
29,4.179805884014195,0.0
30,4.3724405750382696,0.0
31,4.371999908486199,0.0
32,4.37162147329147,0.033333333333333326
33,4.371398272452098,0.06666666666666665
34,4.371178044322023,0.0
35,4.370621820690883,0.033333333333333326
36,2.213732591719361,0.2666666666666667
37,4.373154904440137,0.033333333333333326
38,4.373483584730807,0.0
39,4.373595438866893,0.033333333333333326
40,4.373572317735073,0.0
41,4.37343645961262,0.033333333333333326
42,4.3730229972619865,0.0
43,4.372692326835905,0.0
44,4.372562016106026,0.0
45,4.37237620099534,0.0
46,4.373069753851549,0.033333333333333326
47,4.373172185905964,0.033333333333333326
48,4.373628844824977,0.033333333333333326
49,4.373779441289518,0.0
50,4.3732978508025715,0.0
51,4.373013819694469,0.0
52,4.372363391762004,0.0
53,4.371819436370905,0.0
54,4.37107884407309,0.0
55,4.370535420528225,0.0
56,4.369844091382542,0.033333333333333326
57,4.36944840675352,0.0
58,2.9567509213576773,0.16666666666666663
59,3.134530692279318,0.09999999999999998
60,4.371554745975149,0.0
61,4.37188408941005,0.0
62,4.371600589575574,0.0
63,4.371231109045315,0.0
64,4.371154596430352,0.0
65,4.370850472425237,0.0
66,4.370734625437197,0.0
67,4.370603713090022,0.0
68,4.3702573945986085,0.0
69,4.3698888097217194,0.0
70,4.369724971821345,0.0
71,4.369572339989629,0.0
72,4.368429970713158,0.19999999999999996
73,4.354817158864059,0.06666666666666665
74,4.3501666138863,0.0
75,4.3527153803544625,0.033333333333333326
76,4.153735715201616,0.0
77,4.355748692775975,0.0
78,4.355645420051956,0.0
79,4.355987773008836,0.0
80,4.355379345420985,0.033333333333333326
81,4.356085699363725,0.0
82,4.356356261970695,0.0
83,4.356547952123577,0.0
84,4.356358602583975,0.0
85,4.356094544228636,0.0
86,4.35569240344092,0.0
87,4.3557645688405735,0.0
88,4.356779407264189,0.0
89,4.357888539150128,0.0
90,4.358661977611177,0.0
91,4.358680058340188,0.033333333333333326
92,4.357629849672974,0.033333333333333326
93,4.357576516871187,0.0
94,4.356075744627045,0.0
95,4.353848630144512,0.0
96,4.351209140844772,0.0
97,4.146606408740142,0.0
98,4.34970454414008,0.0
99,4.349570639139151,0.0
100,4.350057614130871,0.0
101,4.351616129077501,0.0
102,4.3535533348824105,0.0
103,4.353389759520471,0.033333333333333326
104,4.152061031596897,0.0
105,4.353577419629593,0.0
106,4.35401613521635,0.06666666666666665
107,4.1548685618446575,0.0
108,4.3581806166410955,0.0
109,4.3597090387566535,0.033333333333333326
110,4.353179763818406,0.0
111,4.349239384026968,0.0
112,4.352922742831302,0.0
113,4.354415698944968,0.0
114,4.354753389040031,0.0
115,3.7053055755760047,0.0
116,4.355788777900952,0.0
117,4.3544437112954455,0.0
118,4.3530173821599885,0.0
119,4.353172723885066,0.033333333333333326
120,4.353798653517096,0.033333333333333326
121,4.355104773295251,0.033333333333333326
122,4.355318416753842,0.0
123,4.353639876416967,0.0
124,4.3502833734136335,0.033333333333333326
125,3.9160231707725215,0.43333333333333335
126,3.689969806967506,0.6666666666666667
127,4.363128882196129,0.0
128,2.942669181625304,0.1333333333333333
129,4.3630085016128675,0.06666666666666665
130,4.165189572179055,0.033333333333333326
131,4.363441444799122,0.06666666666666665
132,4.362983073193521,0.06666666666666665
133,4.36298962777221,0.06666666666666665
134,4.363241780190717,0.06666666666666665
135,4.362910780061276,0.06666666666666665
136,4.363567159037421,0.033333333333333326
137,1.152952520089132,0.9333333333333333
138,1.0,1.0
139,1.0,1.0
140,1.0,1.0
141,1.518405129801781,0.5666666666666667
142,4.166260608679119,0.09999999999999998
143,3.1145563696282674,0.19999999999999996
144,4.36328903151041,0.033333333333333326
145,4.165627415516576,0.033333333333333326
146,4.363455390502112,0.0
147,4.362311001660644,0.1333333333333333
148,4.362919739612516,0.0
149,4.36359037069414,0.06666666666666665
150,4.3628003925441785,0.033333333333333326
151,4.362662306568879,0.06666666666666665
152,4.363511155923045,0.0
153,4.363051192636068,0.06666666666666665
154,4.166434912566811,0.09999999999999998
155,4.362825615085111,0.06666666666666665
156,4.362910660893894,0.0
157,4.363344498711751,0.033333333333333326
158,3.115368764554113,0.09999999999999998
159,4.1663450530951,0.06666666666666665
160,4.363190411019968,0.1333333333333333
161,4.363121126585151,0.033333333333333326
162,4.362820566695568,0.06666666666666665
163,4.361069451584454,0.033333333333333326
164,4.353294787190601,0.0
165,4.353945099013656,0.0
166,4.354891926384105,0.0
167,4.355384919733321,0.0
168,4.356087909541318,0.0
169,4.356689173396299,0.06666666666666665
170,4.3566295718116,0.033333333333333326
171,4.356324343188098,0.033333333333333326
172,4.356417245682691,0.0
173,4.356712998940851,0.033333333333333326
174,4.355900970821889,0.0
175,4.366768798128094,0.033333333333333326
176,4.371218143296137,0.0
177,4.371387352176274,0.0
178,4.371700411827354,0.0
179,4.371765975029538,0.033333333333333326
180,4.371790605327498,0.0
181,4.371986509458251,0.033333333333333326
182,4.372615437612488,0.0
183,4.180262319783409,0.0
184,4.372940160254715,0.0
185,4.373394706869057,0.0
186,4.373816786112139,0.0
187,4.373899352497625,0.0
188,4.374298167762509,0.0
189,4.374590086622876,0.0
190,4.375089613900813,0.0
191,4.3752855750200395,0.0
192,4.375559646101168,0.0
193,4.184904081228287,0.0
194,4.3760579123001,0.0
195,4.376101658690601,0.06666666666666665
196,4.184671331528362,0.033333333333333326
197,4.37587633516348,0.0
198,4.375452347177907,0.033333333333333326
199,4.374993805667249,0.0
