strategy,seed,voip_loss_pct,voip_owd_ms,voip_owd_p95_ms,voip_mos,voip_mos_min_1s,voip_bad_seconds,voip_interruption_s,voip_longest_gap_s,voip_gaps,video_frozen_pct,video_stalls,video_stall_s,handovers,overhead_pct,no_coverage_s,energy_kj,on_s_wired,on_s_wifi,on_s_cellular_5g,on_s_sat_leo,on_s_sat_geo
bbm,0,6.05,26.852098109150507,55.94461273223743,3.7193480695453465,1.0,17,11.300000000004545,4.5600000000023435,13,9.181803032827862,19,14.266666666666667,7,0.0,2.88,1.36622400000001,20.0,105.0,175.8,20.3,0.0
bbm,1,6.789999999999996,25.68093745664023,50.33758932616195,3.639675847226636,1.0,20,12.56000000000448,4.5600000000023435,20,9.498416930511581,21,16.066666666666666,7,0.0,2.88,1.4644440000000267,20.0,104.5,174.9,22.3,0.0
bbm,2,6.899999999999995,25.497106893136777,51.32170479435272,3.627971050918485,1.0,22,12.280000000003886,4.580000000002354,20,10.431594734210965,26,15.733333333333333,7,0.0,2.88,1.4592060000000282,20.0,106.1,173.9,22.2,0.0
bbm,3,7.730000000000004,26.859030815968026,53.700776573248255,3.5377044171617555,1.0,27,13.700000000005454,4.580000000002354,35,11.498083652724546,36,19.1,7,0.0,2.88,1.3213490000000008,20.0,103.2,176.9,19.4,0.0
bbm,4,6.489999999999996,25.583496708261546,50.46489143274613,3.672429356065876,1.0,19,12.300000000003944,4.580000000002354,11,8.698550241626396,16,13.566666666666666,7,0.0,2.88,1.3999010000000158,20.0,104.2,175.3,21.0,0.0
bbm,5,6.259999999999999,26.64314443208006,52.45895772196221,3.6964608439569244,1.0,19,11.740000000004805,4.5600000000023435,13,8.248625229128479,20,13.566666666666666,7,0.0,2.88,1.402803000000016,20.0,102.0,175.1,21.1,0.0
bbm,6,6.6400000000000015,25.908720578179597,50.632103036640785,3.6557181399602214,1.0,20,11.860000000004424,4.5600000000023435,22,11.348108648558574,44,18.766666666666666,7,0.0,2.88,1.435538000000023,20.0,106.3,174.7,21.7,0.0
bbm,7,6.279999999999997,26.5237633302829,52.51090468980024,3.6943948442870576,1.0,21,11.32000000000418,4.5600000000023435,11,9.06515580736544,24,14.5,7,0.0,2.88,1.4088160000000176,20.0,103.5,175.0,21.2,0.0
bbm,8,7.220000000000004,27.23753332033132,51.48827281122194,3.5915617480812707,1.0,22,12.860000000004067,4.580000000002354,21,10.964839193467755,29,16.5,7,0.0,2.88,1.4286480000000215,20.0,104.2,174.5,21.6,0.0
bbm,9,6.899999999999995,27.066052434263373,53.40362914368837,3.62622237233698,1.0,22,12.820000000004724,4.5600000000023435,18,9.498416930511581,24,15.2,9,0.0,2.88,1.4290710000000217,20.0,104.6,174.6,21.6,0.0
bbm,10,7.189999999999996,26.698090340298258,53.73404853551733,3.595388004702903,1.0,21,13.48000000000559,5.860000000003009,17,10.181636393934344,27,16.433333333333334,7,0.0,2.88,1.36884300000001,20.0,103.4,175.8,20.4,0.0
bbm,11,6.310000000000004,25.567945373676036,52.593724071368804,3.692143897716027,1.0,20,11.540000000004321,4.580000000002354,11,8.798533577737045,18,14.1,7,0.0,2.88,1.3642070000000088,20.0,102.3,175.9,20.3,0.0
bbm,12,6.030000000000002,26.400474669356,55.7423019868537,3.7220406103244197,1.0,19,11.280000000004003,4.5600000000023435,11,8.098650224962507,14,12.833333333333334,7,0.0,2.88,1.4663330000000283,20.0,102.8,173.7,22.4,0.0
bbm,13,6.399999999999995,26.921496957970795,55.14406963280436,3.6808055053228643,1.0,20,11.960000000004522,5.14000000000193,10,8.78186968838527,17,13.833333333333334,7,0.0,2.88,1.4037850000000172,20.0,104.8,175.0,21.1,0.0
bbm,14,7.430000000000003,26.88457137049985,52.4902290400348,3.5695084158957773,1.0,23,12.86000000000438,4.5600000000023435,21,11.714714214297617,37,18.166666666666668,7,0.0,2.88,1.3805180000000128,20.0,104.6,175.6,20.6,0.0
bbm,15,6.269999999999998,26.185573018802003,52.17817714098203,3.695860339481507,1.0,21,11.500000000003965,4.5600000000023435,14,8.981836360606565,17,14.366666666666667,7,0.0,2.88,1.4294610000000214,20.0,104.6,174.9,21.6,0.0
bbm,16,6.589999999999996,25.953342742153005,52.98365796031135,3.6611139999099334,1.0,18,12.160000000004747,5.360000000002753,12,9.731711381436426,22,15.5,7,0.0,3.0,1.4234810000000209,20.0,105.0,174.7,21.5,0.0
bbm,17,6.469999999999998,27.628797110917485,52.83233816765005,3.6723714061866772,1.0,20,11.760000000003636,4.5600000000023435,15,9.898350274954176,27,15.5,7,0.0,2.88,1.511282000000037,20.0,104.3,172.9,23.3,0.0
bbm,18,7.140000000000002,26.39819981251927,53.690764881526576,3.6010945699771884,1.0,22,12.920000000003967,4.580000000002354,21,10.114980836527247,21,16.3,7,0.0,2.88,1.461481000000029,20.0,108.5,174.1,22.2,0.0
bbm,19,6.599999999999994,26.580777784528255,53.21246628251828,3.659333026011429,1.0,22,11.900000000004464,4.5600000000023435,14,9.815030828195301,24,15.533333333333333,7,0.0,2.88,1.449176000000025,20.0,104.9,174.5,22.0,0.0
threshold,0,2.9200000000000004,26.132258295193882,52.728515880747295,4.069733980683962,1.0,8,5.360000000002559,4.400000000002262,7,4.882519580069989,13,6.333333333333333,7,0.0,2.88,2.3732240000000173,20.0,105.0,175.8,40.4,0.1
threshold,1,3.4800000000000053,26.588513123811875,50.048601898915706,4.007043676032027,1.0,10,6.200000000002272,4.400000000002262,12,5.5990668221963,14,8.166666666666666,7,0.0,2.88,2.0364440000000856,20.0,104.5,174.9,33.7,0.1
threshold,2,2.6900000000000035,27.297700747485763,51.42418653976577,4.094074309396595,1.0,6,4.900000000002289,4.400000000002262,5,4.53257790368272,6,5.5,11,0.0,2.88,1.967206000000101,20.0,106.1,173.9,32.3,0.1
threshold,3,2.969999999999995,27.64550125757328,52.28613824691734,4.062876037962375,1.0,10,5.120000000002415,4.400000000002262,5,4.849191801366439,10,6.5,7,0.0,2.88,1.8733490000000865,20.0,103.2,176.9,30.4,0.1
threshold,4,2.759999999999996,26.673036065098604,50.06013264775646,4.086911934757029,1.0,9,5.1400000000023685,4.400000000002262,7,4.632561239793368,8,5.666666666666667,9,0.0,2.88,1.7929010000000767,20.0,104.2,175.3,28.8,0.1
threshold,5,2.859999999999996,27.51672823903254,52.28709090927808,4.075156817315197,1.0,8,5.240000000002487,4.400000000002262,6,4.749208465255791,13,6.2,7,0.0,2.88,1.9648030000000978,20.0,102.0,175.1,32.3,0.1
threshold,6,3.1499999999999972,26.512295227958692,49.9273778340239,4.043904839554927,1.0,9,5.360000000002433,4.400000000002262,10,5.8490251624729215,22,8.066666666666666,7,0.0,2.88,1.898538000000095,20.0,106.3,174.7,30.9,0.1
threshold,7,3.0000000000000027,27.543387571389488,52.60309259966931,4.059641270656058,1.0,9,5.340000000002464,4.400000000002262,7,4.765872354607565,11,6.333333333333333,7,0.0,2.88,1.8268160000000824,20.0,103.5,175.0,29.5,0.1
threshold,8,2.649999999999997,29.797449242626435,52.482460053377615,4.096338222149049,1.0,6,4.740000000002403,4.400000000002262,4,4.482586235627395,10,5.466666666666667,11,0.0,2.88,1.8766480000000911,20.0,104.2,174.5,30.5,0.1
threshold,9,3.069999999999995,27.50710766608292,52.649861895292815,4.05190703638118,1.0,9,5.560000000002316,4.400000000002262,8,5.149141809698383,17,6.7,7,0.0,2.88,1.862071000000089,20.0,104.6,174.6,30.2,0.1
threshold,10,2.859999999999996,26.98201452640565,52.95825199291997,4.075621432035179,1.0,7,5.040000000002456,4.400000000002262,6,4.799200133311115,14,6.466666666666667,9,0.0,2.88,2.1918430000000524,20.0,103.4,175.8,36.8,0.1
threshold,11,3.180000000000005,25.109589366879412,50.055505102164226,4.041824499591838,1.0,8,5.820000000002364,4.400000000002262,8,4.749208465255791,9,6.466666666666667,7,0.0,2.88,2.087207000000073,20.0,102.3,175.9,34.7,0.1
threshold,12,3.2399999999999984,26.93067883309131,54.82661280316492,4.033515805032796,1.0,9,6.120000000002209,4.400000000002262,7,5.099150141643059,9,6.6,7,0.0,2.88,2.151333000000065,20.0,102.8,173.7,35.8,0.5
threshold,13,3.0200000000000005,28.44246991013134,55.0894855243925,4.056629710340059,1.0,8,5.540000000002411,4.400000000002262,10,4.9825029161806365,10,6.3,7,0.0,2.88,1.8177850000000815,20.0,104.8,175.0,29.3,0.1
threshold,14,2.6599999999999957,29.236373188237238,55.574353057772186,4.0957170599023245,1.0,6,4.780000000002398,4.400000000002262,5,4.599233461089818,12,5.866666666666666,11,0.0,2.88,1.978518000000096,20.0,104.6,175.6,32.5,0.1
threshold,15,3.049999999999997,27.690592421333378,52.89405289092598,4.053964814734886,1.0,9,5.520000000002324,4.400000000002262,8,4.665889018496918,10,6.466666666666667,7,0.0,2.88,1.8174610000000817,20.0,104.6,174.9,29.3,0.1
threshold,16,3.280000000000005,26.88891999639235,53.89218347974207,4.029096648817026,1.0,9,5.980000000002809,5.200000000002671,6,5.282452924512581,10,6.8,7,0.0,3.0,1.9194810000000941,20.0,105.0,174.7,30.9,0.9
threshold,17,3.190000000000004,29.324175606735167,52.99099190305867,4.036934924693088,1.0,9,5.8600000000023975,4.400000000002262,10,5.5990668221963,15,6.966666666666667,7,0.0,2.88,1.9032820000000978,20.0,104.3,172.9,31.1,0.1
threshold,18,3.0100000000000016,29.146794651561276,53.44616690059354,4.057117723522967,1.0,10,5.500000000002424,4.400000000002262,9,4.599233461089818,9,6.033333333333333,7,0.0,2.88,2.0749810000000806,20.0,108.5,174.1,34.4,0.1
threshold,19,2.839999999999998,27.682751829479578,52.36686480984787,4.077221233216345,1.0,8,5.240000000002487,4.400000000002262,6,4.78253624395934,12,6.266666666666667,7,0.0,2.88,1.7921760000000782,20.0,104.9,174.5,28.8,0.1
redundant,0,2.3599999999999954,21.07149065273371,36.78707754932163,4.1352376539358735,1.0,5,4.6200000000023955,4.380000000002251,3,2.7328778536910514,3,4.633333333333334,7,87.6670398613743,2.88,6.295224000001186,20.0,105.0,175.8,118.9,0.1
redundant,1,2.410000000000001,21.30789656061011,36.288494295801854,4.129639277141452,1.0,5,4.680000000002379,4.380000000002251,4,2.882852857857024,4,4.8,8,86.6512712840484,2.88,6.2934440000011875,20.0,104.5,174.9,118.9,0.1
redundant,2,2.310000000000001,21.65095032003093,37.07629058380065,4.1401574765936235,1.0,5,4.5000000000023235,4.380000000002251,2,2.9161806365605734,2,4.5,11,86.69968410961596,2.88,6.293206000001189,20.0,106.1,173.9,118.9,0.1
redundant,3,2.2800000000000042,21.93568511062772,36.81383375958091,4.14315732217636,1.0,5,4.380000000002251,4.380000000002251,1,3.0494917513747706,4,4.7,7,88.086217345363,2.88,6.295349000001185,20.0,103.2,176.9,118.9,0.1
redundant,4,2.300000000000002,21.370669172381973,37.154271296309105,4.141463127653118,1.0,5,4.380000000002251,4.380000000002251,1,2.8328611898017,1,4.4,7,87.2641000703073,2.88,6.293901000001187,20.0,104.2,175.3,118.9,0.1
redundant,5,2.429999999999999,21.161346355783856,36.38947573696498,4.1275953186821885,1.0,6,4.760000000002377,4.380000000002251,4,3.0161639726712215,5,4.933333333333334,8,87.2953744433606,2.88,6.2918030000011855,20.0,102.0,175.1,118.9,0.1
redundant,6,2.3299999999999987,22.012684339650765,36.60768437337083,4.137705454043021,1.0,5,4.540000000002333,4.380000000002251,3,3.132811198133644,4,4.766666666666667,7,86.99016106302122,2.88,6.294538000001189,20.0,106.3,174.7,118.9,0.1
redundant,7,2.410000000000001,21.772056234314945,36.110311028487274,4.129256626307822,1.0,6,4.6200000000023955,4.380000000002251,3,2.966172304615897,4,4.766666666666667,7,87.21568724473974,2.88,6.292816000001187,20.0,103.5,175.0,118.9,0.1
redundant,8,2.3800000000000043,22.499317691706974,37.36632908104694,4.1319042955147385,1.0,5,4.6200000000023955,4.380000000002251,3,2.766205632394601,3,4.6,11,86.98986080982371,2.88,6.292648000001188,20.0,104.2,174.5,118.9,0.1
redundant,9,2.400000000000002,21.966724929484695,37.2183785217686,4.130178555243002,1.0,6,4.620000000002296,4.380000000002251,3,3.216130644892518,6,5.066666666666666,9,87.00609850274539,2.88,6.287071000001184,20.0,104.6,174.6,118.7,0.1
redundant,10,2.3700000000000054,21.57971359138989,36.23409856789123,4.133740878365757,1.0,6,4.6200000000023955,4.380000000002251,3,2.8495250791534743,3,4.7,10,87.60208908968755,2.88,6.293843000001186,20.0,103.4,175.8,118.9,0.1
redundant,11,2.3299999999999987,20.584086058981768,36.54610154672042,4.138872117056769,1.0,5,4.620000000002296,4.380000000002251,3,2.6328945175804033,3,4.6,8,87.6195277953993,2.88,6.287207000001182,20.0,102.3,175.9,118.7,0.1
redundant,12,2.2800000000000042,20.604233765947903,36.81529398652684,4.144238247045562,1.0,5,4.5000000000023235,4.380000000002251,2,2.6995500749875023,2,4.5,11,86.60375921807342,2.88,6.290333000001189,20.0,102.8,173.7,118.9,0.1
redundant,13,2.3499999999999965,21.56248910754169,36.49068490524029,4.135915070664249,1.0,5,4.6200000000023955,4.380000000002251,3,3.066155640726546,3,4.633333333333334,7,87.21538699154223,2.88,6.293785000001187,20.0,104.8,175.0,118.9,0.1
redundant,14,2.3499999999999965,22.52410979928255,37.65777911855251,4.135127417933605,1.0,5,4.620000000002381,4.380000000002251,3,2.79953341109815,3,4.666666666666667,13,87.48932599882829,2.88,6.294518000001186,20.0,104.6,175.6,118.9,0.1
redundant,15,2.290000000000003,21.529909975391476,36.54213866791878,4.1424104455795865,1.0,5,4.380000000002251,4.380000000002251,1,2.9995000833194467,3,4.633333333333334,7,87.00609850274539,2.88,6.293461000001187,20.0,104.6,174.9,118.9,0.1
redundant,16,2.639999999999998,20.549161623405148,36.375892398773146,4.1052810395391,1.0,6,5.200000000002671,5.200000000002671,1,3.149475087485419,1,5.2,8,86.98986080982371,3.0,6.311481000001184,20.0,105.0,174.7,118.7,0.9
redundant,17,2.4599999999999955,22.530310999360967,36.4659065911738,4.123209636570521,1.0,5,4.6200000000023955,4.380000000002251,3,3.1994667555407434,4,4.766666666666667,8,86.15180609504382,2.88,6.29028200000119,20.0,104.3,172.9,118.9,0.1
redundant,18,2.3900000000000032,21.724459609645262,36.960286675935095,4.1314598839559045,1.0,5,4.6200000000023955,4.380000000002251,3,2.882852857857024,3,4.6,7,86.6840469230893,2.88,6.295481000001191,20.0,108.5,174.1,118.9,0.1
redundant,19,2.3700000000000054,21.64513510733406,36.93814251302711,4.1336871885846955,1.0,6,4.6200000000023955,4.380000000002251,3,2.9161806365605734,3,4.666666666666667,7,86.78027206782936,2.88,6.293176000001188,20.0,104.9,174.5,118.9,0.1
predictive_linear,0,2.759999999999996,31.714282150143035,55.43598167089385,4.082568739677052,1.0,6,4.900000000002431,4.400000000002262,5,4.849191801366439,10,5.533333333333333,12,0.1813529312999066,2.88,3.8647239999999425,20.0,105.0,175.8,70.2,0.1
predictive_linear,1,2.6699999999999946,29.33081862940076,49.43702063371233,4.094536870914579,1.0,5,4.800000000002416,4.400000000002262,5,6.182302949508416,25,7.733333333333333,10,0.23840103882802288,2.88,3.7684439999998953,20.0,104.5,174.9,68.3,0.1
predictive_linear,2,2.4599999999999955,36.039933832583856,56.111401619184065,4.111934981510365,1.0,5,4.620000000002332,4.400000000002262,3,3.816030661556407,3,4.666666666666667,8,0.1122946958711342,2.88,2.3362060000000273,20.0,106.1,173.9,39.7,0.1
predictive_linear,3,2.4700000000000055,29.450762856758026,51.4871776909672,4.1163581727601235,1.0,5,4.680000000002344,4.400000000002262,4,5.765705715714048,17,7.0,14,0.28794281641822916,2.88,4.149849000000087,20.0,103.2,176.9,75.9,0.1
predictive_linear,4,2.5699999999999945,33.130009182199686,54.980592275722984,4.102302745179484,1.0,7,4.780000000002359,4.400000000002262,4,4.315947342109648,7,5.2,12,0.17835039932474256,2.88,2.977900999999897,20.0,104.2,175.3,52.5,0.1
predictive_linear,5,2.649999999999997,31.00150616136969,52.18179357438543,4.095311610850015,1.0,6,4.880000000002434,4.400000000002262,7,4.915847358773537,9,5.766666666666667,12,0.21438078302671076,2.88,3.2518029999998417,20.0,102.0,175.1,58.0,0.1
predictive_linear,6,2.62,29.09871951643164,49.72466701659286,4.100228587971181,1.0,7,4.800000000002366,4.400000000002262,5,5.565739043492751,21,7.633333333333334,8,0.21287951703912875,2.88,2.929537999999909,20.0,106.3,174.7,51.5,0.1
predictive_linear,7,2.5800000000000045,31.11672805764736,53.09584731179484,4.102909315447944,1.0,6,4.800000000002416,4.400000000002262,5,5.332444592567906,14,6.266666666666667,12,0.22789217691494884,2.88,3.477315999999798,20.0,103.5,175.0,62.5,0.1
predictive_linear,8,2.4800000000000044,37.858911396352134,54.07888387920287,4.108207137103064,1.0,6,4.740000000002403,4.400000000002262,4,3.7327112147975336,4,4.766666666666667,6,0.08256962931701045,2.88,3.2111479999998513,20.0,104.2,174.5,57.2,0.1
predictive_linear,9,2.52,31.232753286568215,53.18123328222768,4.109393509550074,1.0,5,4.780000000002313,4.400000000002262,5,5.499083486085652,17,6.566666666666666,12,0.26302180102436784,2.88,3.452570999999804,20.0,104.6,174.6,62.0,0.1
predictive_linear,10,2.7900000000000036,35.027111446895844,57.88629439135207,4.076380035848635,1.0,5,4.900000000002384,4.400000000002262,6,5.299116813864356,11,5.6,12,0.21468103622422716,2.88,3.0333429999998853,20.0,103.4,175.8,53.6,0.1
predictive_linear,11,2.7000000000000024,32.8537707502367,55.6165008410808,4.088214683547006,1.0,7,4.940000000002341,4.400000000002262,6,4.599233461089818,10,5.6,10,0.1453225475979384,2.88,2.9927069999998928,20.0,102.3,175.9,52.8,0.1
predictive_linear,12,2.5900000000000034,37.20198776860451,55.979507031551634,4.09663942684481,1.0,6,4.780000000002359,4.400000000002262,4,4.349275120813198,5,4.966666666666667,10,0.1612359670663077,2.88,3.584832999999804,20.0,102.8,173.7,64.7,0.1
predictive_linear,13,2.8200000000000003,30.26810066652756,54.065869015666124,4.0771881968263095,1.0,9,5.160000000002528,4.400000000002262,7,5.649058490251624,13,6.566666666666666,12,0.21408052982919437,2.88,3.56378499999979,20.0,104.8,175.0,64.2,0.1
predictive_linear,14,2.529999999999999,36.49907151408214,56.97709006640039,4.103851497484513,1.0,5,4.7400000000023885,4.400000000002262,4,3.816030661556407,4,4.8,14,0.21468103622422716,2.88,3.6440179999998303,20.0,104.6,175.6,65.8,0.1
predictive_linear,15,2.62,31.42336985261171,53.763822587377774,4.098253000264752,1.0,6,4.820000000002369,4.400000000002262,5,5.282452924512581,14,6.5,10,0.17835039932474256,2.88,3.4174609999998107,20.0,104.6,174.9,61.3,0.1
predictive_linear,16,3.0200000000000005,26.121965576080584,53.53338511365421,4.058677623845703,1.0,8,5.600000000002722,5.200000000002671,4,4.8325279120146645,7,6.2,13,0.21558179581677636,3.0,4.244981000000127,20.0,105.0,174.7,77.4,0.9
predictive_linear,17,2.649999999999997,31.80488702795679,53.39841291498571,4.0946260685370985,1.0,6,4.800000000002416,4.400000000002262,5,6.532244625895683,21,7.433333333333334,10,0.2218871129646208,2.88,3.5282819999997903,20.0,104.3,172.9,63.6,0.1
predictive_linear,18,2.72,32.11252598173673,55.36952209387244,4.08664367313295,1.0,8,5.040000000002456,4.400000000002262,6,4.315947342109648,8,5.4,12,0.1813529312999066,2.88,3.4849809999998,20.0,108.5,174.1,62.6,0.1
predictive_linear,19,2.6000000000000023,36.63242331610129,57.80925627288873,4.096020910072269,1.0,7,4.900000000002431,4.400000000002262,5,4.432594567572071,5,4.933333333333334,6,0.08377064210707605,2.88,3.2826759999998374,20.0,104.9,174.5,58.6,0.1
predictive,0,2.4800000000000044,31.63877723016025,54.95568294401632,4.11343369334045,1.0,5,4.700000000002418,4.400000000002262,4,4.8325279120146645,10,5.533333333333333,12,0.19036052722539865,2.88,3.824723999999922,20.0,105.0,175.8,69.4,0.1
predictive,1,2.5699999999999945,29.599204461252683,49.94018304112727,4.105290162599572,1.0,5,4.700000000002418,4.400000000002262,4,6.048991834694217,24,8.033333333333333,10,0.22789217691494884,2.88,3.7784439999999004,20.0,104.5,174.9,68.5,0.1
predictive,2,2.4499999999999966,35.58926020781987,55.833529270648086,4.113410457095147,1.0,5,4.5600000000023435,4.400000000002262,3,3.7660389935010827,2,4.566666666666666,8,0.11860001301897864,2.88,2.72770599999995,20.0,106.1,173.9,47.5,0.1
predictive,3,2.429999999999999,29.06388842051999,50.2217457523784,4.1210455544296485,1.0,5,4.620000000002366,4.400000000002262,5,5.799033494417597,15,7.166666666666667,16,0.2984516783313032,2.88,4.919849000000481,20.0,103.2,176.9,91.3,0.1
predictive,4,2.42,32.939488745332895,55.25585916053898,4.118910751134611,1.0,5,4.500000000002305,4.400000000002262,3,4.315947342109648,4,4.833333333333333,12,0.19786685716330868,2.88,3.133400999999866,20.0,104.2,175.3,55.6,0.1
predictive,5,2.539999999999998,30.757638265074704,51.73128087961487,4.107601492108039,1.0,5,4.780000000002458,4.400000000002262,6,4.765872354607565,11,5.566666666666666,14,0.2429048367907689,2.88,3.7763029999998987,20.0,102.0,175.1,68.5,0.1
predictive,6,2.3800000000000043,29.075926009466517,49.70551571842847,4.12648114544305,1.0,5,4.5600000000023435,4.400000000002262,3,5.982336277287119,25,7.733333333333333,10,0.260920028641753,2.88,3.3695379999998214,20.0,106.3,174.7,60.3,0.1
predictive,7,2.5699999999999945,31.34266177717157,53.15454337019361,4.103816109077423,1.0,5,4.7800000000024365,4.400000000002262,6,5.149141809698383,13,6.166666666666667,10,0.20987698506396474,2.88,3.907815999999966,20.0,103.5,175.0,71.1,0.1
predictive,8,2.4599999999999955,45.09160238200088,54.729005284366394,4.104308851076886,1.0,5,4.640000000002406,4.400000000002262,3,3.7493751041493084,3,4.633333333333334,5,0.05254430956537028,2.88,2.682147999999957,20.0,104.2,174.5,46.6,0.1
predictive,9,2.500000000000002,30.529564256885305,52.209959613021795,4.112174761324927,1.0,5,4.680000000002315,4.400000000002262,4,5.932344609231794,21,7.1,16,0.3395863663910502,2.88,4.077071000000053,20.0,104.6,174.6,74.5,0.1
predictive,10,2.4900000000000033,31.822182308594773,54.56060944344188,4.112184936550753,1.0,6,4.640000000002406,4.400000000002262,3,4.615897350441593,9,5.633333333333334,10,0.17264558857193094,2.88,3.8618429999999417,20.0,103.4,175.8,70.2,0.1
predictive,11,2.429999999999999,30.726885065283604,51.906465306245764,4.119661578071315,1.0,5,4.700000000002318,4.400000000002262,4,4.349275120813198,9,5.366666666666666,10,0.17534786734957855,2.88,3.1072069999998697,20.0,102.3,175.9,55.1,0.1
predictive,12,2.4800000000000044,35.17041438572336,55.1802581086676,4.110469520978879,1.0,5,4.6200000000023556,4.400000000002262,4,3.6993834360939846,3,4.666666666666667,14,0.22338837895220282,2.88,4.324333000000182,20.0,102.8,173.7,79.5,0.1
predictive,13,2.5699999999999945,30.61556264356393,54.30619927014391,4.104431112933921,1.0,6,4.820000000002479,4.400000000002262,6,5.4157640393267785,16,6.8,12,0.23239597487769487,2.88,3.5937849999998055,20.0,104.8,175.0,64.8,0.1
predictive,14,2.500000000000002,34.21373758961486,56.096164602636,4.109078476178847,1.0,5,4.6400000000023915,4.400000000002262,3,3.7493751041493084,4,4.833333333333333,16,0.2567164838765234,2.88,3.694517999999856,20.0,104.6,175.6,66.8,0.1
predictive,15,2.410000000000001,31.345931113141475,53.57281685718078,4.121329670537567,1.0,5,4.580000000002335,4.400000000002262,4,4.449258456923847,6,5.1,10,0.15733267549859445,2.88,2.907460999999912,20.0,104.6,174.9,51.1,0.1
predictive,16,2.859999999999996,25.90272298505399,53.15940510538795,4.076558641062868,1.0,6,5.360000000002706,5.200000000002671,4,5.432427928678553,9,6.266666666666667,17,0.30295547629404923,3.0,4.785981000000404,20.0,105.0,174.7,88.2,0.9
predictive,17,2.5499999999999967,31.38409835528346,52.86998972969455,4.105976255850441,1.0,6,4.700000000002418,4.400000000002262,4,5.715714047658723,16,6.9,10,0.21438078302671076,2.88,4.482782000000265,20.0,104.3,172.9,82.7,0.1
predictive,18,2.4900000000000033,31.04210890142275,53.19517997483558,4.112839301651692,1.0,6,4.740000000002428,4.400000000002262,5,4.082652891184803,5,4.933333333333334,12,0.1843554632750706,2.88,4.3604810000002,20.0,108.5,174.1,80.2,0.1
predictive,19,2.5900000000000034,30.779794519617777,54.60092250037718,4.102096592541449,1.0,6,4.700000000002418,4.400000000002262,4,4.132644559240126,4,4.833333333333333,12,0.1813529312999066,2.88,3.9226759999999747,20.0,104.9,174.5,71.4,0.1
